{
	"format_version": "1.8.0",
	"animations": {
		"idle": {
			"loop": true,
			"animation_length": 0.4583,
			"bones": {
				"bone": {
					"rotation": {
						"0.0": {
							"vector": [0, 0, 0]
						},
						"0.0833": {
							"vector": [-17.5, -12.5, 0]
						},
						"0.125": {
							"vector": [-17.33947, -5.64209, -2.17833]
						},
						"0.1667": {
							"vector": [-18.31602, 20.90171, -10.63941],
							"easing": "easeInQuart"
						},
						"0.25": {
							"vector": [-58.11711, 57.49713, -32.72101],
							"easing": "easeInQuart"
						},
						"0.3333": {
							"vector": [-11.37576, 73.17179, 17.72699],
							"easing": "easeInQuart"
						},
						"0.4167": {
							"vector": [-84.41449, 44.08218, -57.25065],
							"easing": "easeInQuart"
						}
					}
				},
				"bone2": {
					"rotation": {
						"0.0": {
							"vector": [0, 0, 0]
						},
						"0.0833": {
							"vector": [-23.30696, 9.30727, 20.57639]
						},
						"0.1667": {
							"vector": [-28.16584, 34.19019, 7.81656]
						},
						"0.25": {
							"vector": [-62.72778, 56.63332, -15.52983]
						},
						"0.3333": {
							"vector": [-127.20399, 78.11269, -87.85698]
						},
						"0.4167": {
							"vector": [-98.0902, 27.74541, -55.03545]
						}
					}
				}
			}
		}
	},
	"geckolib_format_version": 2
}